<?xml version="1.0" encoding="UTF-8"?>
<beans xmlns="http://www.springframework.org/schema/beans"
       xmlns:xsi="http://www.w3.org/2001/XMLSchema-instance"
       xsi:schemaLocation="http://www.springframework.org/schema/beans http://www.springframework.org/schema/beans/spring-beans.xsd">

	<bean id="etlTemplateStorageDao"
          class="com.nec.biomatcher.tools.templatestorage.etl.service.dataAccess.impl.EtlTemplateStorageHibernateImpl"
          parent="abstractDao">
    </bean>
    
    <bean id="_etlTemplateStorageService"
          class="com.nec.biomatcher.tools.templatestorage.etl.service.impl.EtlTemplateStorageServiceImpl">
        <property name="etlTemplateStorageDao" ref="etlTemplateStorageDao" />
    </bean>
    
    <bean id="etlTemplateStorageService" parent="abstractService">
        <property name="target">
            <ref bean="_etlTemplateStorageService"/>
        </property>
        <property name="proxyInterfaces">
            <list>
                <value>
                    com.nec.biomatcher.tools.templatestorage.etl.service.EtlTemplateStorageService
                </value>
            </list>
        </property>
    </bean>
    
    <bean id="biometricEventExtractor"
          class="com.nec.biomatcher.tools.templatestorage.etl.BiometricEventExtractor">
          <property name="etlContext" ref="etlContext" />
          <property name="etlTemplateStorageService" ref="etlTemplateStorageService" />
    </bean>
    
    <bean id="biometricEventTransformer"
          class="com.nec.biomatcher.tools.templatestorage.etl.BiometricEventTransformer">
          <property name="etlContext" ref="etlContext" />
          <property name="etlTemplateStorageService" ref="etlTemplateStorageService" />
    </bean>
    
    <bean id="biometricTemplateInfoLoader"
          class="com.nec.biomatcher.tools.templatestorage.etl.BiometricTemplateInfoLoader">
          <property name="etlContext" ref="etlContext" />
          <property name="etlTemplateStorageService" ref="etlTemplateStorageService" />
    </bean>
</beans>

