<?xml version="1.0" encoding="UTF-8"?>

<!DOCTYPE log4j:configuration SYSTEM "log4j.dtd">
<log4j:configuration>

	<!-- CONSOLE log appender-->
	<appender name="CONSOLE" class="org.apache.log4j.ConsoleAppender">
        <param name="target" value="System.out"/>
        <param name="immediateFlush" value="false"/>
        <param name="encoding" value="UTF-8"/>
        <param name="threshold" value="info"/>
        <layout class="org.apache.log4j.PatternLayout">
            <param name="conversionPattern" value="%d %-5p [%c{1}] (%t) (%x) %m%n"/>
        </layout>
    </appender>
    
   <!-- Application log appender-->
   <appender name="ETL_APP_LOG" class="org.apache.log4j.RollingFileAppender">
     <param name="File" value="../logs/etl_application.log"/>
     <param name="Append" value="true"/>
     <param name="MaxFileSize" value="15MB"/>
     <param name="MaxBackupIndex" value="20"/>
     <param name="Threshold" value="TRACE"/>
     <layout class="org.apache.log4j.EnhancedPatternLayout">
       <param name="ConversionPattern" value="%d %-5p [%c{1}] (%t) (%x) %m%n%throwable{0}"/>
     </layout>	    
   </appender>
   
   <!-- Performance log appender-->
   <appender name="ETL_PERF_LOG" class="org.apache.log4j.RollingFileAppender">
     <param name="File" value="../logs/etl_performance.log"/>
     <param name="Append" value="false"/>
     <param name="MaxFileSize" value="15MB"/>
     <param name="MaxBackupIndex" value="20"/>

     <layout class="org.apache.log4j.PatternLayout">
       <param name="ConversionPattern" value="%d %-5p [%c{1}] (%t) (%x) %m%n"/>
     </layout>	     
   </appender>  
   
   <!-- MATCHER Error log appender-->
   <appender name="ETL_ERROR_LOG" class="org.apache.log4j.RollingFileAppender">
     <param name="File" value="../logs/etl_error.log"/>

     <param name="Append" value="false"/>
     <param name="MaxFileSize" value="15MB"/>
     <param name="MaxBackupIndex" value="20"/>
	 <param name="Threshold" value="ERROR"/>
     <layout class="org.apache.log4j.PatternLayout">
       <param name="ConversionPattern" value="%d %-5p [%c{1}] (%t) (%x) %m%n"/>
     </layout>	    
   </appender>   

   <!-- MATCHER Config log appender-->
   <appender name="ETL_CONFIG_LOG" class="org.apache.log4j.RollingFileAppender">
     <param name="File" value="../logs/etl_config.log"/>

     <param name="Append" value="false"/>
     <param name="MaxFileSize" value="15MB"/>
     <param name="MaxBackupIndex" value="20"/>

     <layout class="org.apache.log4j.PatternLayout">
       <param name="ConversionPattern" value="%d %-5p [%c{1}] (%t) (%x) %m%n"/>
     </layout>	    
   </appender>  

   <!-- MATCHER Status log appender-->
   <appender name="ETL_STATUS_LOG" class="org.apache.log4j.RollingFileAppender">
     <param name="File" value="../logs/etl_status.log"/>

     <param name="Append" value="false"/>
     <param name="MaxFileSize" value="15MB"/>
     <param name="MaxBackupIndex" value="20"/>

     <layout class="org.apache.log4j.PatternLayout">
       <param name="ConversionPattern" value="%d %-5p [%c{1}] (%t) (%x) %m%n"/>
     </layout>	    
   </appender>  
     
   <!-- MATCHER Corrupted log appender-->
   <appender name="ETL_CORRUPTED_LOG" class="org.apache.log4j.RollingFileAppender">
     <param name="File" value="../logs/etl_corrupted.log"/>

     <param name="Append" value="false"/>
     <param name="MaxFileSize" value="15MB"/>
     <param name="MaxBackupIndex" value="20"/>

     <layout class="org.apache.log4j.PatternLayout">
       <param name="ConversionPattern" value="%d %-5p [%c{1}] (%t) (%x) %m%n"/>
     </layout>	    
   </appender>  

   <!-- ================ -->
   <!-- Limit categories -->
   <!-- ================ -->

   <!-- Limit the org.apache category to INFO as its DEBUG is verbose -->
	
   <category name="org.apache" additivity="false">
      <priority value="WARN"/>
	  <appender-ref ref="ETL_APP_LOG"/>
	  <appender-ref ref="ETL_ERROR_LOG"/>
   </category>
   
   <category name="com.nec" additivity="false">
      <priority value="INFO"/>
	  <appender-ref ref="ETL_APP_LOG"/>
	  <appender-ref ref="ETL_ERROR_LOG"/>
   </category>
   
   <category name="APP_LOG" additivity="false">
      <priority value="INFO"/>
	  <appender-ref ref="ETL_APP_LOG"/>
	  <appender-ref ref="ETL_ERROR_LOG"/>
   </category>
   
   <category name="CONFIG_LOG" additivity="false">
      <priority value="TRACE"/>
      <appender-ref ref="ETL_CONFIG_LOG"/>
	  <appender-ref ref="ETL_APP_LOG"/>
	  <appender-ref ref="ETL_ERROR_LOG"/>
   </category>
   
   <category name="STATUS_LOG" additivity="false">
      <priority value="TRACE"/>
      <appender-ref ref="ETL_STATUS_LOG"/>
	  <appender-ref ref="ETL_APP_LOG"/>
	  <appender-ref ref="ETL_ERROR_LOG"/>
   </category>
        
   <category name="CORRUPTED_LOG" additivity="false">
      <priority value="TRACE"/>
      <appender-ref ref="ETL_CORRUPTED_LOG"/>
	  <appender-ref ref="ETL_APP_LOG"/>
	  <appender-ref ref="ETL_ERROR_LOG"/>
   </category>
        
   <category name="ERRORS" additivity="false">
      <priority value="ERROR"/>
	  <appender-ref ref="ETL_ERROR_LOG"/>
   </category>
 
   <category name="PFLogger" additivity="false">
	  <priority value="TRACE"/>
      <appender-ref ref="ETL_PERF_LOG"/>
	  <appender-ref ref="ETL_APP_LOG"/>
   </category>
   
   <category name="PERFORMANCE">
      <priority value="WARN"/>
	  <appender-ref ref="ETL_PERF_LOG"/>
	  <appender-ref ref="ETL_APP_LOG"/>
   </category>
	
<!--

   Log4J Configuration Quick Reference:
   ====================================
   Priority order is DEBUG < INFO < WARN < ERROR < FATAL

   PatternLayout conversion characters:

    %c   Category of the logging event
    %C   Fully qualified class name of the caller
    %d   Date of the logging event  (example: %d{HH:mm:ss,SSS} )
    %F   File name where the logging request was issued (caution: extremely slow)
    %l   Location information of the caller (caution: extremely slow)
    %L   Line number from where the logging request was issued (caution: extremely slow)
    %m   Application-supplied message
    %M   Method name from where the logging request was issued (caution: extremely slow)
    %n   Line separator
    %p   Priority of the logging event
    %r   Number of milliseconds since the start of the application
    %t   Name of the thread that generated the logging event
    %x   Nested diagnotic context associated with the thread
    %%   A single percent sign

   Format modifiers examples:

    %20c     Left pad with spaces if category is less than 20 characters long
    %-20c    Right pad with spaces if category is less than 20 characters long
    %.30c    Truncate from the beginning if category is more than 30 chars long
    %20.30c  Left pad 20 chars + truncate from beginning if more than 30 chars
    %-20.30c Right pad 20 chars + truncate from beginning if more than 30 chars

   Examples:  "%r [%t] %-5p %c %x - %m\n"
              "%-6r [%15.15t] %-5p %30.30c %x - %m\n"

-->
 	<root> 
        <priority value ="info" />
        <appender-ref ref="ETL_APP_LOG" /> 
        <appender-ref ref="ETL_ERROR_LOG" />
        <appender-ref ref="CONSOLE" /> 
    </root>
</log4j:configuration>