<?xml version="1.0" encoding="UTF-8"?>
<project xmlns="http://maven.apache.org/POM/4.0.0" xmlns:xsi="http://www.w3.org/2001/XMLSchema-instance" xsi:schemaLocation="http://maven.apache.org/POM/4.0.0 http://maven.apache.org/maven-v4_0_0.xsd">
  <parent>
    <artifactId>bio-matcher-parent</artifactId>
    <groupId>com.nec.biomatcher</groupId>
    <version>2.4.1</version>
    <relativePath>../bio-matcher-parent/pom.xml</relativePath>
  </parent>
  <modelVersion>4.0.0</modelVersion>
  <artifactId>bio-matcher-webservices</artifactId>
  <packaging>war</packaging>
  <build>
    <plugins>
      <plugin>
        <artifactId>maven-shade-plugin</artifactId>
        <version>2.4.2</version>
        <executions>
          <execution>
            <phase>package</phase>
            <goals>
              <goal>shade</goal>
            </goals>
            <configuration>
              <artifactSet>
                <includes>
                  <include>org.springframework:*</include>
                </includes>
              </artifactSet>
              <filters>
                <filter>
                  <artifact>org.springframework:*</artifact>
                  <includes>
                    <include>META-INF/spring.*</include>
                  </includes>
                </filter>
              </filters>
              <transformers>
                <transformer>
                  <resource>META-INF/spring.handlers</resource>
                </transformer>
                <transformer>
                  <resource>META-INF/spring.schemas</resource>
                </transformer>
              </transformers>
            </configuration>
          </execution>
        </executions>
      </plugin>
      <plugin>
        <artifactId>maven-war-plugin</artifactId>
        <configuration>
          <failOnMissingWebXml>false</failOnMissingWebXml>
          <packagingExcludes>WEB-INF/lib/*.jar</packagingExcludes>
          <archive>
            <manifest>
              <addClasspath>true</addClasspath>
            </manifest>
          </archive>
          <webResources>
            <resource>
              <directory>${project.basedir}/WebRoot</directory>
            </resource>
          </webResources>
        </configuration>
      </plugin>
      <plugin>
        <groupId>org.mortbay.jetty</groupId>
        <artifactId>maven-jetty-plugin</artifactId>
        <version>6.1.10</version>
        <configuration>
          <webAppSourceDirectory>${project.basedir}/WebRoot</webAppSourceDirectory>
          <webXml>${project.basedir}/WebRoot/WEB-INF/web.xml</webXml>
        </configuration>
      </plugin>
    </plugins>
  </build>
  <dependencies>
    <dependency>
      <groupId>com.nec.biomatcher</groupId>
      <artifactId>bio-matcher-core</artifactId>
      <version>2.4.1</version>
      <scope>compile</scope>
    </dependency>
    <dependency>
      <groupId>com.nec.biomatcher</groupId>
      <artifactId>bio-matcher-spec</artifactId>
      <version>2.4.1</version>
      <scope>compile</scope>
    </dependency>
    <dependency>
      <groupId>com.nec.biomatcher</groupId>
      <artifactId>bio-matcher-comp</artifactId>
      <version>2.4.1</version>
      <scope>compile</scope>
    </dependency>
    <dependency>
      <groupId>com.nec.biomatcher</groupId>
      <artifactId>bio-matcher-protobuf</artifactId>
      <version>2.4.1</version>
      <scope>compile</scope>
    </dependency>
    <dependency>
      <groupId>com.nec.biomatcher</groupId>
      <artifactId>bio-template-validator</artifactId>
      <version>2.4.1</version>
      <scope>compile</scope>
    </dependency>
    <dependency>
      <groupId>com.nec.biomatcher</groupId>
      <artifactId>bio-match-verifier</artifactId>
      <version>2.4.1</version>
      <scope>compile</scope>
    </dependency>
    <dependency>
      <groupId>com.nec.biomatcher</groupId>
      <artifactId>bio-match-extractor</artifactId>
      <version>2.4.1</version>
      <scope>compile</scope>
    </dependency>
    <dependency>
      <groupId>com.nec.biomatcher</groupId>
      <artifactId>bio-match-identifier</artifactId>
      <version>2.4.1</version>
      <scope>compile</scope>
    </dependency>
    <dependency>
      <groupId>com.nec.biomatcher</groupId>
      <artifactId>bio-matcher-config</artifactId>
      <version>2.4.1</version>
      <scope>compile</scope>
    </dependency>
    <dependency>
      <groupId>com.datastax.cassandra</groupId>
      <artifactId>cassandra-driver-core</artifactId>
      <version>3.5.0</version>
      <scope>compile</scope>
    </dependency>
    <dependency>
      <groupId>jp.co.nec.aim_xm.license</groupId>
      <artifactId>floating-license</artifactId>
      <version>1.1.1-RELEASE</version>
      <scope>compile</scope>
    </dependency>
    <dependency>
      <groupId>javax.servlet</groupId>
      <artifactId>servlet-api</artifactId>
      <version>2.3</version>
      <scope>provided</scope>
      <exclusions>
        <exclusion>
          <artifactId>*</artifactId>
          <groupId>*</groupId>
        </exclusion>
      </exclusions>
    </dependency>
    <dependency>
      <groupId>log4j</groupId>
      <artifactId>log4j</artifactId>
      <version>1.2.17</version>
      <scope>compile</scope>
    </dependency>
    <dependency>
      <groupId>org.zeromq</groupId>
      <artifactId>jeromq</artifactId>
      <version>0.3.5</version>
      <scope>compile</scope>
    </dependency>
    <dependency>
      <groupId>com.caucho</groupId>
      <artifactId>hessian</artifactId>
      <version>4.0.38</version>
      <scope>compile</scope>
      <exclusions>
        <exclusion>
          <artifactId>*</artifactId>
          <groupId>*</groupId>
        </exclusion>
      </exclusions>
    </dependency>
    <dependency>
      <groupId>org.hibernate</groupId>
      <artifactId>hibernate-core</artifactId>
      <version>4.3.10.Final</version>
      <scope>compile</scope>
      <exclusions>
        <exclusion>
          <artifactId>*</artifactId>
          <groupId>*</groupId>
        </exclusion>
      </exclusions>
    </dependency>
    <dependency>
      <groupId>org.hibernate.common</groupId>
      <artifactId>hibernate-commons-annotations</artifactId>
      <version>4.0.5.Final</version>
      <scope>compile</scope>
      <exclusions>
        <exclusion>
          <artifactId>jboss-logging-annotations</artifactId>
          <groupId>org.jboss.logging</groupId>
        </exclusion>
      </exclusions>
    </dependency>
    <dependency>
      <groupId>org.hibernate</groupId>
      <artifactId>hibernate-validator</artifactId>
      <version>5.0.1.Final</version>
      <scope>compile</scope>
      <exclusions>
        <exclusion>
          <artifactId>*</artifactId>
          <groupId>*</groupId>
        </exclusion>
      </exclusions>
    </dependency>
    <dependency>
      <groupId>org.hibernate.javax.persistence</groupId>
      <artifactId>hibernate-jpa-2.0-api</artifactId>
      <version>1.0.1.Final</version>
      <scope>compile</scope>
    </dependency>
    <dependency>
      <groupId>antlr</groupId>
      <artifactId>antlr</artifactId>
      <version>2.7.7</version>
      <scope>compile</scope>
    </dependency>
    <dependency>
      <groupId>xml-apis</groupId>
      <artifactId>xml-apis</artifactId>
      <version>1.4.01</version>
      <scope>provided</scope>
    </dependency>
    <dependency>
      <groupId>org.springframework</groupId>
      <artifactId>spring-asm</artifactId>
      <version>3.1.4.RELEASE</version>
      <scope>provided</scope>
      <exclusions>
        <exclusion>
          <artifactId>*</artifactId>
          <groupId>*</groupId>
        </exclusion>
      </exclusions>
    </dependency>
    <dependency>
      <groupId>org.springframework</groupId>
      <artifactId>spring-test</artifactId>
      <version>4.3.6.RELEASE</version>
      <scope>provided</scope>
      <exclusions>
        <exclusion>
          <artifactId>*</artifactId>
          <groupId>*</groupId>
        </exclusion>
      </exclusions>
    </dependency>
    <dependency>
      <groupId>org.springframework.batch</groupId>
      <artifactId>spring-batch-infrastructure</artifactId>
      <version>3.0.6.RELEASE</version>
      <scope>compile</scope>
    </dependency>
    <dependency>
      <groupId>org.springframework.integration</groupId>
      <artifactId>spring-integration-core</artifactId>
      <version>4.1.2.RELEASE</version>
      <scope>provided</scope>
      <exclusions>
        <exclusion>
          <artifactId>*</artifactId>
          <groupId>*</groupId>
        </exclusion>
      </exclusions>
    </dependency>
    <dependency>
      <groupId>org.springframework.integration</groupId>
      <artifactId>spring-integration-mail</artifactId>
      <version>4.1.2.RELEASE</version>
      <scope>provided</scope>
      <exclusions>
        <exclusion>
          <artifactId>*</artifactId>
          <groupId>*</groupId>
        </exclusion>
      </exclusions>
    </dependency>
    <dependency>
      <groupId>aopalliance</groupId>
      <artifactId>aopalliance</artifactId>
      <version>1.0</version>
      <scope>compile</scope>
      <exclusions>
        <exclusion>
          <artifactId>*</artifactId>
          <groupId>*</groupId>
        </exclusion>
      </exclusions>
    </dependency>
    <dependency>
      <groupId>dom4j</groupId>
      <artifactId>dom4j</artifactId>
      <version>1.6.1</version>
      <scope>compile</scope>
      <exclusions>
        <exclusion>
          <artifactId>*</artifactId>
          <groupId>*</groupId>
        </exclusion>
      </exclusions>
    </dependency>
    <dependency>
      <groupId>net.sf.beanlib</groupId>
      <artifactId>beanlib</artifactId>
      <version>3.2.1</version>
      <scope>compile</scope>
      <exclusions>
        <exclusion>
          <artifactId>*</artifactId>
          <groupId>*</groupId>
        </exclusion>
      </exclusions>
    </dependency>
    <dependency>
      <groupId>org.slf4j</groupId>
      <artifactId>slf4j-api</artifactId>
      <version>1.7.25</version>
      <scope>compile</scope>
      <exclusions>
        <exclusion>
          <artifactId>*</artifactId>
          <groupId>*</groupId>
        </exclusion>
      </exclusions>
    </dependency>
    <dependency>
      <groupId>org.slf4j</groupId>
      <artifactId>slf4j-log4j12</artifactId>
      <version>1.7.25</version>
      <scope>compile</scope>
      <exclusions>
        <exclusion>
          <artifactId>*</artifactId>
          <groupId>*</groupId>
        </exclusion>
      </exclusions>
    </dependency>
    <dependency>
      <groupId>junit</groupId>
      <artifactId>junit</artifactId>
      <version>4.11</version>
      <scope>provided</scope>
      <exclusions>
        <exclusion>
          <artifactId>hamcrest-core</artifactId>
          <groupId>org.hamcrest</groupId>
        </exclusion>
      </exclusions>
    </dependency>
    <dependency>
      <groupId>c3p0</groupId>
      <artifactId>c3p0</artifactId>
      <version>0.9.1.2</version>
      <scope>compile</scope>
    </dependency>
    <dependency>
      <groupId>commons-attributes</groupId>
      <artifactId>commons-attributes-api</artifactId>
      <version>2.2</version>
      <scope>provided</scope>
      <exclusions>
        <exclusion>
          <artifactId>*</artifactId>
          <groupId>*</groupId>
        </exclusion>
      </exclusions>
    </dependency>
    <dependency>
      <groupId>commons-beanutils</groupId>
      <artifactId>commons-beanutils</artifactId>
      <version>1.8.3</version>
      <scope>compile</scope>
      <exclusions>
        <exclusion>
          <artifactId>*</artifactId>
          <groupId>*</groupId>
        </exclusion>
      </exclusions>
    </dependency>
    <dependency>
      <groupId>commons-beanutils</groupId>
      <artifactId>commons-beanutils-bean-collections</artifactId>
      <version>1.8.3</version>
      <scope>provided</scope>
      <exclusions>
        <exclusion>
          <artifactId>*</artifactId>
          <groupId>*</groupId>
        </exclusion>
      </exclusions>
    </dependency>
    <dependency>
      <groupId>commons-beanutils</groupId>
      <artifactId>commons-beanutils-core</artifactId>
      <version>1.8.3</version>
      <scope>provided</scope>
      <exclusions>
        <exclusion>
          <artifactId>*</artifactId>
          <groupId>*</groupId>
        </exclusion>
      </exclusions>
    </dependency>
    <dependency>
      <groupId>commons-chain</groupId>
      <artifactId>commons-chain</artifactId>
      <version>1.2</version>
      <scope>provided</scope>
      <exclusions>
        <exclusion>
          <artifactId>*</artifactId>
          <groupId>*</groupId>
        </exclusion>
      </exclusions>
    </dependency>
    <dependency>
      <groupId>commons-collections</groupId>
      <artifactId>commons-collections</artifactId>
      <version>3.2.1</version>
      <scope>compile</scope>
      <exclusions>
        <exclusion>
          <artifactId>*</artifactId>
          <groupId>*</groupId>
        </exclusion>
      </exclusions>
    </dependency>
    <dependency>
      <groupId>commons-dbcp</groupId>
      <artifactId>commons-dbcp</artifactId>
      <version>1.4</version>
      <scope>provided</scope>
      <exclusions>
        <exclusion>
          <artifactId>commons-pool</artifactId>
          <groupId>commons-pool</groupId>
        </exclusion>
      </exclusions>
    </dependency>
    <dependency>
      <groupId>commons-digester</groupId>
      <artifactId>commons-digester</artifactId>
      <version>2.1</version>
      <scope>compile</scope>
      <exclusions>
        <exclusion>
          <artifactId>*</artifactId>
          <groupId>*</groupId>
        </exclusion>
      </exclusions>
    </dependency>
    <dependency>
      <groupId>commons-discovery</groupId>
      <artifactId>commons-discovery</artifactId>
      <version>0.5</version>
      <scope>provided</scope>
    </dependency>
    <dependency>
      <groupId>org.apache.commons</groupId>
      <artifactId>commons-exec</artifactId>
      <version>1.1</version>
      <scope>provided</scope>
    </dependency>
    <dependency>
      <groupId>commons-fileupload</groupId>
      <artifactId>commons-fileupload</artifactId>
      <version>1.3</version>
      <scope>compile</scope>
    </dependency>
    <dependency>
      <groupId>commons-httpclient</groupId>
      <artifactId>commons-httpclient</artifactId>
      <version>3.1</version>
      <scope>compile</scope>
    </dependency>
    <dependency>
      <groupId>commons-io</groupId>
      <artifactId>commons-io</artifactId>
      <version>2.4</version>
      <scope>compile</scope>
    </dependency>
    <dependency>
      <groupId>commons-lang</groupId>
      <artifactId>commons-lang</artifactId>
      <version>2.6</version>
      <scope>compile</scope>
    </dependency>
    <dependency>
      <groupId>commons-net</groupId>
      <artifactId>commons-net</artifactId>
      <version>3.3</version>
      <scope>compile</scope>
    </dependency>
    <dependency>
      <groupId>org.apache.commons</groupId>
      <artifactId>commons-pool2</artifactId>
      <version>2.4.2</version>
      <scope>compile</scope>
    </dependency>
    <dependency>
      <groupId>commons-validator</groupId>
      <artifactId>commons-validator</artifactId>
      <version>1.4.0</version>
      <scope>compile</scope>
      <exclusions>
        <exclusion>
          <artifactId>*</artifactId>
          <groupId>*</groupId>
        </exclusion>
      </exclusions>
    </dependency>
    <dependency>
      <groupId>javassist</groupId>
      <artifactId>javassist</artifactId>
      <version>3.12.0.GA</version>
      <scope>compile</scope>
    </dependency>
    <dependency>
      <groupId>org.apache.axis</groupId>
      <artifactId>axis-jaxrpc</artifactId>
      <version>1.4</version>
      <scope>provided</scope>
    </dependency>
    <dependency>
      <groupId>javax.xml.ws</groupId>
      <artifactId>jaxws-api</artifactId>
      <version>2.0</version>
      <scope>provided</scope>
      <exclusions>
        <exclusion>
          <artifactId>*</artifactId>
          <groupId>*</groupId>
        </exclusion>
      </exclusions>
    </dependency>
    <dependency>
      <groupId>jdom</groupId>
      <artifactId>jdom</artifactId>
      <version>1.0</version>
      <scope>compile</scope>
    </dependency>
    <dependency>
      <groupId>javax.xml.bind</groupId>
      <artifactId>jsr173_api</artifactId>
      <version>1.0</version>
      <scope>provided</scope>
    </dependency>
    <dependency>
      <groupId>javax.transaction</groupId>
      <artifactId>jta</artifactId>
      <version>1.1</version>
      <scope>provided</scope>
    </dependency>
    <dependency>
      <groupId>javax.xml.soap</groupId>
      <artifactId>saaj-api</artifactId>
      <version>1.3.5</version>
      <scope>provided</scope>
    </dependency>
    <dependency>
      <groupId>com.sun.xml.messaging.saaj</groupId>
      <artifactId>saaj-impl</artifactId>
      <version>1.3</version>
      <scope>provided</scope>
    </dependency>
    <dependency>
      <groupId>taglibs</groupId>
      <artifactId>standard</artifactId>
      <version>1.0.6</version>
      <scope>provided</scope>
    </dependency>
    <dependency>
      <groupId>wsdl4j</groupId>
      <artifactId>wsdl4j</artifactId>
      <version>1.6.1</version>
      <scope>provided</scope>
    </dependency>
    <dependency>
      <groupId>wss4j</groupId>
      <artifactId>wss4j</artifactId>
      <version>1.5.1</version>
      <scope>provided</scope>
    </dependency>
    <dependency>
      <groupId>org.codehaus.woodstox</groupId>
      <artifactId>wstx-asl</artifactId>
      <version>3.2.0</version>
      <scope>provided</scope>
      <exclusions>
        <exclusion>
          <artifactId>*</artifactId>
          <groupId>*</groupId>
        </exclusion>
      </exclusions>
    </dependency>
    <dependency>
      <groupId>com.thoughtworks.xstream</groupId>
      <artifactId>xstream</artifactId>
      <version>1.3</version>
      <scope>compile</scope>
      <exclusions>
        <exclusion>
          <artifactId>*</artifactId>
          <groupId>*</groupId>
        </exclusion>
      </exclusions>
    </dependency>
    <dependency>
      <groupId>javax.servlet</groupId>
      <artifactId>jstl</artifactId>
      <version>1.2</version>
      <scope>provided</scope>
      <exclusions>
        <exclusion>
          <artifactId>*</artifactId>
          <groupId>*</groupId>
        </exclusion>
      </exclusions>
    </dependency>
    <dependency>
      <groupId>org.apache.ws.schema</groupId>
      <artifactId>XmlSchema</artifactId>
      <version>1.2</version>
      <scope>provided</scope>
    </dependency>
    <dependency>
      <groupId>javax.activation</groupId>
      <artifactId>activation</artifactId>
      <version>1.1.1</version>
      <scope>provided</scope>
    </dependency>
    <dependency>
      <groupId>org.apache.ant</groupId>
      <artifactId>ant</artifactId>
      <version>1.9.4</version>
      <scope>provided</scope>
    </dependency>
    <dependency>
      <groupId>org.apache.ant</groupId>
      <artifactId>ant-launcher</artifactId>
      <version>1.9.4</version>
      <scope>provided</scope>
    </dependency>
    <dependency>
      <groupId>asm</groupId>
      <artifactId>asm-attrs</artifactId>
      <version>1.5.3</version>
      <scope>provided</scope>
    </dependency>
    <dependency>
      <groupId>asm</groupId>
      <artifactId>asm</artifactId>
      <version>1.5.3</version>
      <scope>provided</scope>
    </dependency>
    <dependency>
      <groupId>axis</groupId>
      <artifactId>axis</artifactId>
      <version>1.4</version>
      <scope>provided</scope>
      <exclusions>
        <exclusion>
          <artifactId>*</artifactId>
          <groupId>*</groupId>
        </exclusion>
      </exclusions>
    </dependency>
    <dependency>
      <groupId>net.sf.beanlib</groupId>
      <artifactId>beanlib-hibernate</artifactId>
      <version>3.2.1</version>
      <scope>provided</scope>
      <exclusions>
        <exclusion>
          <artifactId>*</artifactId>
          <groupId>*</groupId>
        </exclusion>
      </exclusions>
    </dependency>
    <dependency>
      <groupId>cglib</groupId>
      <artifactId>cglib</artifactId>
      <version>2.1_3</version>
      <scope>provided</scope>
    </dependency>
    <dependency>
      <groupId>xml-security</groupId>
      <artifactId>xmlsec</artifactId>
      <version>1.3.0</version>
      <scope>provided</scope>
    </dependency>
    <dependency>
      <groupId>com.verhas</groupId>
      <artifactId>license3j</artifactId>
      <version>1.0.5</version>
      <scope>provided</scope>
      <exclusions>
        <exclusion>
          <artifactId>bcpg-jdk15on</artifactId>
          <groupId>org.bouncycastle</groupId>
        </exclusion>
      </exclusions>
    </dependency>
    <dependency>
      <groupId>org.apache.httpcomponents</groupId>
      <artifactId>httpmime</artifactId>
      <version>4.3</version>
      <scope>test</scope>
    </dependency>
    <dependency>
      <groupId>org.apache.httpcomponents</groupId>
      <artifactId>httpclient</artifactId>
      <version>4.3</version>
      <scope>compile</scope>
    </dependency>
    <dependency>
      <groupId>org.mozilla</groupId>
      <artifactId>rhino</artifactId>
      <version>1.7R4</version>
      <scope>provided</scope>
    </dependency>
    <dependency>
      <groupId>javatar</groupId>
      <artifactId>javatar</artifactId>
      <version>2.5</version>
      <scope>provided</scope>
    </dependency>
    <dependency>
      <groupId>javax.xml.rpc</groupId>
      <artifactId>javax.xml.rpc-api</artifactId>
      <version>1.1.1</version>
      <scope>provided</scope>
    </dependency>
    <dependency>
      <groupId>net.sf.ehcache</groupId>
      <artifactId>ehcache-core</artifactId>
      <version>2.6.0</version>
      <scope>compile</scope>
    </dependency>
    <dependency>
      <groupId>com.google.code.gson</groupId>
      <artifactId>gson</artifactId>
      <version>2.8.0</version>
      <scope>compile</scope>
    </dependency>
    <dependency>
      <groupId>com.google.guava</groupId>
      <artifactId>guava</artifactId>
      <version>21.0</version>
      <scope>compile</scope>
    </dependency>
    <dependency>
      <groupId>com.google.protobuf</groupId>
      <artifactId>protobuf-java</artifactId>
      <version>2.6.1</version>
      <scope>compile</scope>
    </dependency>
    <dependency>
      <groupId>org.apache.cxf</groupId>
      <artifactId>cxf-rt-frontend-jaxws</artifactId>
      <version>2.7.13</version>
      <scope>provided</scope>
      <exclusions>
        <exclusion>
          <artifactId>*</artifactId>
          <groupId>*</groupId>
        </exclusion>
      </exclusions>
    </dependency>
    <dependency>
      <groupId>org.apache.cxf</groupId>
      <artifactId>cxf-rt-transports-http</artifactId>
      <version>2.7.13</version>
      <scope>provided</scope>
      <exclusions>
        <exclusion>
          <artifactId>*</artifactId>
          <groupId>*</groupId>
        </exclusion>
      </exclusions>
    </dependency>
    <dependency>
      <groupId>org.apache.cxf</groupId>
      <artifactId>cxf-rt-transports-http-jetty</artifactId>
      <version>2.7.13</version>
      <scope>provided</scope>
      <exclusions>
        <exclusion>
          <artifactId>*</artifactId>
          <groupId>*</groupId>
        </exclusion>
      </exclusions>
    </dependency>
    <dependency>
      <groupId>org.apache.tiles</groupId>
      <artifactId>tiles-api</artifactId>
      <version>3.0.5</version>
      <scope>compile</scope>
    </dependency>
    <dependency>
      <groupId>org.apache.tiles</groupId>
      <artifactId>tiles-core</artifactId>
      <version>3.0.5</version>
      <scope>compile</scope>
      <exclusions>
        <exclusion>
          <artifactId>jcl-over-slf4j</artifactId>
          <groupId>org.slf4j</groupId>
        </exclusion>
      </exclusions>
    </dependency>
    <dependency>
      <groupId>org.apache.tiles</groupId>
      <artifactId>tiles-jsp</artifactId>
      <version>3.0.5</version>
      <scope>compile</scope>
    </dependency>
    <dependency>
      <groupId>org.apache.tiles</groupId>
      <artifactId>tiles-servlet</artifactId>
      <version>3.0.5</version>
      <scope>compile</scope>
    </dependency>
    <dependency>
      <groupId>org.apache.tiles</groupId>
      <artifactId>tiles-template</artifactId>
      <version>3.0.5</version>
      <scope>compile</scope>
    </dependency>
    <dependency>
      <groupId>displaytag</groupId>
      <artifactId>displaytag</artifactId>
      <version>1.2</version>
      <scope>compile</scope>
      <exclusions>
        <exclusion>
          <artifactId>jcl104-over-slf4j</artifactId>
          <groupId>org.slf4j</groupId>
        </exclusion>
      </exclusions>
    </dependency>
    <dependency>
      <groupId>com.hazelcast</groupId>
      <artifactId>hazelcast</artifactId>
      <version>3.7.5</version>
      <scope>compile</scope>
    </dependency>
    <dependency>
      <groupId>com.hazelcast</groupId>
      <artifactId>hazelcast-client</artifactId>
      <version>3.7.5</version>
      <scope>compile</scope>
    </dependency>
    <dependency>
      <groupId>io.dropwizard.metrics</groupId>
      <artifactId>metrics-core</artifactId>
      <version>3.2.2</version>
      <scope>compile</scope>
      <exclusions>
        <exclusion>
          <artifactId>*</artifactId>
          <groupId>*</groupId>
        </exclusion>
      </exclusions>
    </dependency>
    <dependency>
      <groupId>io.dropwizard.metrics</groupId>
      <artifactId>metrics-json</artifactId>
      <version>3.2.2</version>
      <scope>compile</scope>
      <exclusions>
        <exclusion>
          <artifactId>*</artifactId>
          <groupId>*</groupId>
        </exclusion>
      </exclusions>
    </dependency>
    <dependency>
      <groupId>io.dropwizard.metrics</groupId>
      <artifactId>metrics-jvm</artifactId>
      <version>3.2.2</version>
      <scope>compile</scope>
      <exclusions>
        <exclusion>
          <artifactId>*</artifactId>
          <groupId>*</groupId>
        </exclusion>
      </exclusions>
    </dependency>
    <dependency>
      <groupId>io.dropwizard.metrics</groupId>
      <artifactId>metrics-servlets</artifactId>
      <version>3.2.2</version>
      <scope>compile</scope>
      <exclusions>
        <exclusion>
          <artifactId>*</artifactId>
          <groupId>*</groupId>
        </exclusion>
      </exclusions>
    </dependency>
    <dependency>
      <groupId>io.dropwizard.metrics</groupId>
      <artifactId>metrics-healthchecks</artifactId>
      <version>3.2.2</version>
      <scope>compile</scope>
      <exclusions>
        <exclusion>
          <artifactId>*</artifactId>
          <groupId>*</groupId>
        </exclusion>
      </exclusions>
    </dependency>
    <dependency>
      <groupId>org.influxdb</groupId>
      <artifactId>influxdb-java</artifactId>
      <version>2.0</version>
      <scope>compile</scope>
      <exclusions>
        <exclusion>
          <artifactId>*</artifactId>
          <groupId>*</groupId>
        </exclusion>
      </exclusions>
    </dependency>
    <dependency>
      <groupId>com.squareup.retrofit</groupId>
      <artifactId>retrofit</artifactId>
      <version>1.9.0</version>
      <scope>compile</scope>
    </dependency>
    <dependency>
      <groupId>com.squareup.okhttp</groupId>
      <artifactId>okhttp</artifactId>
      <version>2.2.0</version>
      <scope>compile</scope>
    </dependency>
    <dependency>
      <groupId>com.lmx</groupId>
      <artifactId>liblmxjava</artifactId>
      <version>4.9.1</version>
      <scope>compile</scope>
    </dependency>
    <dependency>
      <groupId>org.jolokia</groupId>
      <artifactId>jolokia-core</artifactId>
      <version>1.3.6</version>
      <scope>compile</scope>
    </dependency>
    <dependency>
      <groupId>javax.enterprise.concurrent</groupId>
      <artifactId>javax.enterprise.concurrent-api</artifactId>
      <version>1.1</version>
      <scope>provided</scope>
    </dependency>
  </dependencies>
  <reporting>
    <plugins>
      <plugin>
        <artifactId>maven-site-plugin</artifactId>
      </plugin>
    </plugins>
  </reporting>
  <properties>
    <project.build.sourceEncoding>UTF-8</project.build.sourceEncoding>
  </properties>
</project>

