<?xml version="1.0" encoding="UTF-8"?>
<beans xmlns="http://www.springframework.org/schema/beans"
	xmlns:xsi="http://www.w3.org/2001/XMLSchema-instance"
	xsi:schemaLocation="http://www.springframework.org/schema/beans http://www.springframework.org/schema/beans/spring-beans.xsd">


	<bean id="bioExtractionService"
		class="com.nec.biomatcher.extractor.service.impl.BioExtractionServiceImpl"
		depends-on="extractionControllerParameterConfigurator">
		<property name="bioParameterService" ref="bioParameterService" />
		<property name="bioMatcherConfigService" ref="bioMatcherConfigService" />
		<property name="matcherNodeStatusCheckHelper" ref="matcherNodeStatusCheckHelper" />
	</bean>

	<bean id="extractionJobQueueHelper"
		class="com.nec.biomatcher.extractor.queueing.ExtractionJobQueueHelper"
		depends-on="extractionControllerParameterConfigurator">
		<property name="bioParameterService" ref="bioParameterService" />
		<property name="bioMatcherConfigService" ref="bioMatcherConfigService" />
		<property name="bioExtractionService" ref="bioExtractionService" />
		<property name="lobImageService" ref="lobImageService" />
		<property name="httpCallbackService" ref="httpCallbackService" />
		<property name="zmqCallbackService" ref="zmqCallbackService" />
	</bean>

	<bean id="bioExtractionJobService"
		class="com.nec.biomatcher.extractor.provider.impl.BioExtractionJobServiceImpl">
		<property name="extractionJobQueueHelper" ref="extractionJobQueueHelper" />
		<property name="jobIdGenerator" ref="jobIdGenerator" />
	</bean>

	<bean id="extractionControllerParameterConfigurator" class="com.nec.biomatcher.comp.util.BioParameterConfigurator"
		lazy-init="false">
		<property name="bioParameterService" ref="bioParameterService" />
		<property name="bioParameters">
			<list>
				<value>{ name:"EXTRACTION_WORKER_THREAD_CONCURRENCY", value="50",
					scope="DEFAULT", dataType="NUMBER", description="Extraction worker
					thread concurrency count"}</value>
				<value>{ name:"NOTIFY_EXTRACTION_CALLBACK_IN_WORKER_THREAD_FLAG",
					value="false", scope="DEFAULT", dataType="BOOLEAN",
					description="Flag to indicate weather to notify extraction callback
					in worker thread"}</value>
				<value>{ name:"EXTRACT_NODE_PROTOCOL_TYPE", value="ZEROMQ",
					scope="DEFAULT", dataType="STRING", description="Extraction node
					protocol"}</value>
				<value>{ name:"EXTRACTION_CONTROLLER_CLUSTER_MODE_FLAG",
					value="true", scope="DEFAULT", dataType="BOOLEAN",
					description="Extraction controller cluster flag"}</value>
				<value>{ name:"EXTRACT_NODE_STATUS_CHECK_DELAY_SECONDS", value="30",
					scope="DEFAULT", dataType="NUMBER", description="Extraction node
					check status interval"}</value>
				<value>{ name:"EXTRACT_JOB_RETENTION_PERIOD_MILLI", value="1800000",
					scope="DEFAULT", dataType="NUMBER", description="Extraction job
					retention period"}</value>
				<value>{ name:"MAX_EXTRACT_JOB_TIMEOUT_MILLI", value="3000",
					scope="DEFAULT", dataType="NUMBER", description="Max Extraction job
					timeout"}</value>
				<value>{ name:"EXTRACT_NODE_OFFLINE_TIMEOUT_FACTOR", value="70",
					scope="DEFAULT", dataType="NUMBER", description="Extraction node
					offline timeout factor"}</value>
				<value>{ name:"MAX_EXTRACT_JOB_RETRY_COUNT", value="3",
					scope="DEFAULT", dataType="NUMBER", description="Max Extraction job
					retry count"}</value>
			</list>
		</property>
	</bean>


</beans>
